{
  "packages/ui/src/index.ts": 1776584844.7400897,
  "packages/ui/src/components/data-table.tsx": 1776584844.7397172,
  "packages/ui/src/components/empty-state.tsx": 1776584844.739789,
  "packages/ui/src/components/status-badge.tsx": 1776584844.7400112,
  "packages/ui/src/components/page-header.tsx": 1776584844.7398617,
  "packages/ui/src/components/stat-card.tsx": 1776584844.7399325,
  "packages/types/src/api.ts": 1776584844.739177,
  "packages/types/src/index.ts": 1776584844.7393975,
  "packages/types/src/domain.ts": 1776584844.7393355,
  "packages/types/src/auth.ts": 1776584844.7392387,
  "apps/web/tailwind.config.js": 1776584844.7363675,
  "apps/web/sentry.server.config.ts": 1776587830.6760788,
  "apps/web/next-env.d.ts": 1776584844.7261913,
  "apps/web/sentry.client.config.ts": 1776587830.6754048,
  "apps/web/sentry.edge.config.ts": 1776587830.6755898,
  "apps/web/playwright.config.ts": 1777145251.1803093,
  "apps/web/postcss.config.js": 1776584844.7264132,
  "apps/web/prisma/seed.ts": 1776600048.338353,
  "apps/web/e2e/admin-e2e.spec.ts": 1776610196.0152721,
  "apps/web/e2e/features-e2e.spec.ts": 1777145251.179738,
  "apps/web/src/middleware.ts": 1777140916.1570547,
  "apps/web/src/app/layout.tsx": 1776600048.342108,
  "apps/web/src/app/admin/layout.tsx": 1777140887.841513,
  "apps/web/src/app/admin/page.tsx": 1776584844.7308533,
  "apps/web/src/app/admin/customers/page.tsx": 1776611978.649104,
  "apps/web/src/app/admin/customers/[id]/page.tsx": 1777145251.181336,
  "apps/web/src/app/admin/settings/page.tsx": 1777145251.181749,
  "apps/web/src/app/admin/settings/holidays/page.tsx": 1777145251.1815486,
  "apps/web/src/app/admin/settings/business-hours/page.tsx": 1776612351.8355448,
  "apps/web/src/app/admin/settings/admins/page.tsx": 1777115308.6453424,
  "apps/web/src/app/admin/settings/integrations/page.tsx": 1776584844.7325397,
  "apps/web/src/app/admin/settings/notifications/page.tsx": 1777115308.6455061,
  "apps/web/src/app/admin/payments/page.tsx": 1776611960.790869,
  "apps/web/src/app/admin/calendar/page.tsx": 1777145251.1809943,
  "apps/web/src/app/admin/invoices/page.tsx": 1776951542.5547068,
  "apps/web/src/app/admin/invoices/[id]/page.tsx": 1777102991.0313358,
  "apps/web/src/app/admin/appointments/page.tsx": 1777102991.0291533,
  "apps/web/src/app/admin/appointments/calendar/page.tsx": 1777115308.6449585,
  "apps/web/src/app/admin/appointments/[id]/page.tsx": 1776951542.5530393,
  "apps/web/src/app/admin/expenses/page.tsx": 1777103568.9413612,
  "apps/web/src/app/admin/expenses/categories/page.tsx": 1777102991.029896,
  "apps/web/src/app/admin/dashboard/page.tsx": 1777140911.9519227,
  "apps/web/src/app/admin/service-requests/page.tsx": 1776611970.8837423,
  "apps/web/src/app/admin/service-requests/[id]/page.tsx": 1776951542.5557568,
  "apps/web/src/app/admin/logs/page.tsx": 1777103463.710656,
  "apps/web/src/app/admin/inventory/suppliers/page.tsx": 1777102991.031069,
  "apps/web/src/app/admin/inventory/low-stock/page.tsx": 1776612318.4934132,
  "apps/web/src/app/admin/inventory/movements/page.tsx": 1776612324.2027519,
  "apps/web/src/app/admin/inventory/items/page.tsx": 1777102991.030784,
  "apps/web/src/app/admin/inventory/categories/page.tsx": 1777102991.0304132,
  "apps/web/src/app/admin/workers/page.tsx": 1777145251.1823788,
  "apps/web/src/app/admin/workers/calendar/page.tsx": 1777115308.6451795,
  "apps/web/src/app/admin/workers/[id]/page.tsx": 1777145251.1820014,
  "apps/web/src/app/admin/vehicles/page.tsx": 1777102991.0318804,
  "apps/web/src/app/admin/vehicles/[id]/page.tsx": 1777145251.1818864,
  "apps/web/src/app/admin/notifications/page.tsx": 1776611960.790979,
  "apps/web/src/app/admin/notifications/templates/page.tsx": 1776612288.9478335,
  "apps/web/src/app/admin/login/page.tsx": 1776610196.016549,
  "apps/web/src/app/admin/job-cards/page.tsx": 1777102991.0317159,
  "apps/web/src/app/admin/job-cards/[id]/page.tsx": 1777102991.0314958,
  "apps/web/src/app/admin/reports/page.tsx": 1776584844.7316515,
  "apps/web/src/app/admin/reports/appointments/page.tsx": 1777103386.3931766,
  "apps/web/src/app/admin/reports/expenses/page.tsx": 1777103375.0344312,
  "apps/web/src/app/admin/reports/inventory/page.tsx": 1777103391.0595815,
  "apps/web/src/app/admin/reports/workers/page.tsx": 1777103394.7405045,
  "apps/web/src/app/admin/reports/jobs/page.tsx": 1777103378.340711,
  "apps/web/src/app/admin/reports/revenue/page.tsx": 1777103370.359198,
  "apps/web/src/app/(public)/layout.tsx": 1776584844.7272985,
  "apps/web/src/app/(public)/page.tsx": 1777145251.1806748,
  "apps/web/src/app/(public)/contact/page.tsx": 1777104112.162223,
  "apps/web/src/app/(public)/book-service/page.tsx": 1777145251.1805532,
  "apps/web/src/app/(public)/track/page.tsx": 1776951542.552785,
  "apps/web/src/app/api/health/route.ts": 1776600048.3415856,
  "apps/web/src/app/api/admin/customers/route.ts": 1776610196.0177748,
  "apps/web/src/app/api/admin/customers/[id]/route.ts": 1777145251.1828218,
  "apps/web/src/app/api/admin/customers/[id]/history/route.ts": 1776600048.3393598,
  "apps/web/src/app/api/admin/settings/route.ts": 1776610196.019149,
  "apps/web/src/app/api/admin/settings/holidays/route.ts": 1777145251.1843462,
  "apps/web/src/app/api/admin/settings/business-hours/route.ts": 1777103431.5944576,
  "apps/web/src/app/api/admin/settings/admins/route.ts": 1777115308.645781,
  "apps/web/src/app/api/admin/payments/route.ts": 1776600048.340475,
  "apps/web/src/app/api/admin/invoices/route.ts": 1777145251.1832433,
  "apps/web/src/app/api/admin/invoices/[id]/route.ts": 1776610196.0186195,
  "apps/web/src/app/api/admin/invoices/[id]/payments/route.ts": 1777104642.2451663,
  "apps/web/src/app/api/admin/invoices/[id]/line-items/route.ts": 1777104629.5013447,
  "apps/web/src/app/api/admin/invoices/[id]/pdf/route.ts": 1776610196.0185049,
  "apps/web/src/app/api/admin/invoices/[id]/finalize/route.ts": 1776610196.0182664,
  "apps/web/src/app/api/admin/appointments/route.ts": 1777102991.0320876,
  "apps/web/src/app/api/admin/appointments/[id]/route.ts": 1776610196.0169144,
  "apps/web/src/app/api/admin/auth/me/route.ts": 1776600048.3391833,
  "apps/web/src/app/api/admin/auth/login/route.ts": 1776610196.0173793,
  "apps/web/src/app/api/admin/expenses/route.ts": 1777102991.0326529,
  "apps/web/src/app/api/admin/expenses/[id]/route.ts": 1777102991.0322926,
  "apps/web/src/app/api/admin/expenses/categories/route.ts": 1777102991.0325465,
  "apps/web/src/app/api/admin/expenses/categories/[id]/route.ts": 1777102991.0324712,
  "apps/web/src/app/api/admin/service-requests/route.ts": 1776600048.340785,
  "apps/web/src/app/api/admin/service-requests/[id]/route.ts": 1776610196.0190408,
  "apps/web/src/app/api/admin/logs/route.ts": 1776600048.3402708,
  "apps/web/src/app/api/admin/inventory/suppliers/route.ts": 1777102991.0333292,
  "apps/web/src/app/api/admin/inventory/suppliers/[id]/route.ts": 1777102991.0332627,
  "apps/web/src/app/api/admin/inventory/low-stock/route.ts": 1777103447.2532742,
  "apps/web/src/app/api/admin/inventory/movements/route.ts": 1777103457.974207,
  "apps/web/src/app/api/admin/inventory/items/route.ts": 1776610196.0181346,
  "apps/web/src/app/api/admin/inventory/items/[id]/route.ts": 1777102991.0329866,
  "apps/web/src/app/api/admin/inventory/items/[id]/stock/route.ts": 1777104586.5025005,
  "apps/web/src/app/api/admin/inventory/categories/route.ts": 1777102991.0328722,
  "apps/web/src/app/api/admin/inventory/categories/[id]/route.ts": 1777102991.0328002,
  "apps/web/src/app/api/admin/workers/route.ts": 1776610196.019505,
  "apps/web/src/app/api/admin/workers/calendar/route.ts": 1777145251.1857762,
  "apps/web/src/app/api/admin/workers/[id]/route.ts": 1777145251.185585,
  "apps/web/src/app/api/admin/workers/[id]/leave/route.ts": 1777145251.1854804,
  "apps/web/src/app/api/admin/vehicles/route.ts": 1776610196.0193276,
  "apps/web/src/app/api/admin/vehicles/[id]/route.ts": 1777145251.1852622,