{
  "packages/ui/src/index.ts": 1776584844.7400897,
  "packages/ui/src/components/data-table.tsx": 1776584844.7397172,
  "packages/ui/src/components/empty-state.tsx": 1776584844.739789,
  "packages/ui/src/components/status-badge.tsx": 1776584844.7400112,
  "packages/ui/src/components/page-header.tsx": 1776584844.7398617,
  "packages/ui/src/components/stat-card.tsx": 1776584844.7399325,
  "packages/types/src/api.ts": 1776584844.739177,
  "packages/types/src/index.ts": 1776584844.7393973,
  "packages/types/src/domain.ts": 1776584844.7393355,
  "packages/types/src/auth.ts": 1776584844.7392387,
  "packages/db/src/client.ts": 1776584844.738044,
  "packages/db/src/index.ts": 1776584844.738236,
  "packages/db/src/helpers/pagination.ts": 1776584844.7381637,
  "packages/notifications/src/channels.ts": 1776584844.7385159,
  "packages/notifications/src/templates.ts": 1776584844.738909,
  "packages/notifications/src/events.ts": 1776584844.738591,
  "packages/notifications/src/index.ts": 1776584844.7386522,
  "packages/notifications/src/renderers/template-renderer.ts": 1776584844.7388403,
  "apps/web/tailwind.config.js": 1776584844.7363675,
  "apps/web/sentry.server.config.ts": 1776584844.7266223,
  "apps/web/next-env.d.ts": 1776584844.7261913,
  "apps/web/sentry.client.config.ts": 1776584844.7264864,
  "apps/web/sentry.edge.config.ts": 1776584844.7265563,
  "apps/web/postcss.config.js": 1776584844.7264132,
  "apps/web/src/middleware.ts": 1776584844.735925,
  "apps/web/src/app/layout.tsx": 1776584844.7336016,
  "apps/web/src/app/admin/layout.tsx": 1776584844.7302654,
  "apps/web/src/app/admin/page.tsx": 1776584844.730853,
  "apps/web/src/app/admin/customers/page.tsx": 1776584844.728229,
  "apps/web/src/app/admin/customers/[id]/page.tsx": 1776584844.7281291,
  "apps/web/src/app/admin/settings/page.tsx": 1776584844.7327607,
  "apps/web/src/app/admin/settings/business-hours/page.tsx": 1776584844.7324274,
  "apps/web/src/app/admin/settings/admins/page.tsx": 1776584844.7323093,
  "apps/web/src/app/admin/settings/integrations/page.tsx": 1776584844.7325397,
  "apps/web/src/app/admin/settings/notifications/page.tsx": 1776584844.7326696,
  "apps/web/src/app/admin/payments/page.tsx": 1776584844.730997,
  "apps/web/src/app/admin/invoices/page.tsx": 1776584844.7298422,
  "apps/web/src/app/admin/invoices/[id]/page.tsx": 1776584844.7297232,
  "apps/web/src/app/admin/appointments/page.tsx": 1776584844.7279456,
  "apps/web/src/app/admin/appointments/calendar/page.tsx": 1776584844.7278626,
  "apps/web/src/app/admin/appointments/[id]/page.tsx": 1776584844.7277422,
  "apps/web/src/app/admin/expenses/page.tsx": 1776584844.7286258,
  "apps/web/src/app/admin/expenses/categories/page.tsx": 1776584844.7285366,
  "apps/web/src/app/admin/dashboard/page.tsx": 1776584844.7283642,
  "apps/web/src/app/admin/service-requests/page.tsx": 1776584844.7321389,
  "apps/web/src/app/admin/service-requests/[id]/page.tsx": 1776584844.7320766,
  "apps/web/src/app/admin/logs/page.tsx": 1776584844.7305553,
  "apps/web/src/app/admin/inventory/suppliers/page.tsx": 1776584844.7295284,
  "apps/web/src/app/admin/inventory/low-stock/page.tsx": 1776584844.7291706,
  "apps/web/src/app/admin/inventory/movements/page.tsx": 1776584844.7293286,
  "apps/web/src/app/admin/inventory/items/page.tsx": 1776584844.7290463,
  "apps/web/src/app/admin/inventory/categories/page.tsx": 1776584844.7288702,
  "apps/web/src/app/admin/workers/page.tsx": 1776584844.7335217,
  "apps/web/src/app/admin/workers/calendar/page.tsx": 1776584844.73341,
  "apps/web/src/app/admin/workers/[id]/page.tsx": 1776584844.733267,
  "apps/web/src/app/admin/vehicles/page.tsx": 1776584844.7330575,
  "apps/web/src/app/admin/vehicles/[id]/page.tsx": 1776584844.7329602,
  "apps/web/src/app/admin/notifications/page.tsx": 1776584844.7306652,
  "apps/web/src/app/admin/notifications/templates/page.tsx": 1776584844.73078,
  "apps/web/src/app/admin/login/page.tsx": 1776584844.7304251,
  "apps/web/src/app/admin/job-cards/page.tsx": 1776584844.7301698,
  "apps/web/src/app/admin/job-cards/[id]/page.tsx": 1776584844.7300901,
  "apps/web/src/app/admin/reports/page.tsx": 1776584844.7316515,
  "apps/web/src/app/admin/reports/appointments/page.tsx": 1776584844.7311676,
  "apps/web/src/app/admin/reports/expenses/page.tsx": 1776584844.7312937,
  "apps/web/src/app/admin/reports/inventory/page.tsx": 1776584844.7314427,
  "apps/web/src/app/admin/reports/workers/page.tsx": 1776584844.7319152,
  "apps/web/src/app/admin/reports/jobs/page.tsx": 1776584844.731577,
  "apps/web/src/app/admin/reports/revenue/page.tsx": 1776584844.7317975,
  "apps/web/src/app/(public)/layout.tsx": 1776584844.7272987,
  "apps/web/src/app/(public)/page.tsx": 1776584844.7273757,
  "apps/web/src/app/(public)/contact/page.tsx": 1776584844.727052,
  "apps/web/src/app/(public)/book-service/page.tsx": 1776584844.726921,
  "apps/web/src/app/(public)/track/page.tsx": 1776584844.7275333,
  "apps/web/src/providers/index.tsx": 1776584844.7360384,
  "apps/web/src/components/layout/admin-sidebar.tsx": 1776584844.7341325,
  "apps/web/src/components/shared/pagination.tsx": 1776584844.7344983,
  "apps/web/src/components/shared/modal.tsx": 1776584844.7344348,
  "apps/web/src/components/shared/list-toolbar.tsx": 1776584844.734367,
  "apps/web/src/components/shared/theme-toggle.tsx": 1776584844.7345755,
  "apps/web/src/lib/auth/auth-context.tsx": 1776584844.7353418,
  "apps/web/src/lib/theme/theme-context.tsx": 1776584844.7356267,
  "apps/web/src/lib/api/client.ts": 1776584844.7352018,
  "apps/api/prisma/seed.ts": 1776584844.720298,
  "apps/api/src/app.ts": 1776584844.7204175,
  "apps/api/src/server.ts": 1776584844.7259953,
  "apps/api/src/config/sentry.ts": 1776584844.7216475,
  "apps/api/src/config/constants.ts": 1776584844.7214031,
  "apps/api/src/config/cors.ts": 1776584844.7214859,
  "apps/api/src/config/env.ts": 1776584844.7215664,
  "apps/api/src/integrations/supabase/storage.ts": 1776584844.7221215,
  "apps/api/src/integrations/sentry/index.ts": 1776584844.7219992,
  "apps/api/src/integrations/email/client.ts": 1776584844.7218711,
  "apps/api/src/integrations/whatsapp/client.ts": 1776584844.7222388,
  "apps/api/src/common/middleware/error-handler.ts": 1776584844.7209117,
  "apps/api/src/common/middleware/auth.ts": 1776584844.7208364,
  "apps/api/src/common/middleware/request-logger.ts": 1776584844.7209911,
  "apps/api/src/common/logger/index.ts": 1776584844.720713,
  "apps/api/src/common/utils/async-handler.ts": 1776584844.7211936,
  "apps/api/src/common/utils/activity-logger.ts": 1776584844.721115,
  "apps/api/src/common/utils/id-generators.ts": 1776584844.7212672,
  "apps/api/src/common/errors/index.ts": 1776584844.720591,
  "apps/api/src/jobs/notification-retry.job.ts": 1776584844.7228446,
  "apps/api/src/jobs/missed-appointment-followup.job.ts": 1776584844.7226946,
  "apps/api/src/jobs/ready-for-pickup-reminder.job.ts": 1776584844.7229214,
  "apps/api/src/jobs/index.ts": 1776584844.72254,
  "apps/api/src/jobs/daily-summary.job.ts": 1776584844.722458,
  "apps/api/src/jobs/notification-processor.job.ts": 1776584844.7227716,
  "apps/api/src/jobs/appointment-reminders.job.ts": 1776584844.722366,
  "apps/api/src/jobs/invoice-reminder.job.ts": 1776584844.7226174,
  "apps/api/src/modules/customers/customer.routes.ts": 1776584844.723721,
  "apps/api/src/modules/settings/settings.routes.ts": 1776584844.7253876,
  "apps/api/src/modules/payments/payment.routes.ts": 1776584844.7248192,
  "apps/api/src/modules/invoices/invoice.routes.ts": 1776584844.7242763,
  "apps/api/src/modules/appointments/appointment.routes.ts": 1776584844.7234163,
  "apps/api/src/modules/auth/auth.routes.ts": 1776584844.72358,
  "apps/api/src/modules/expenses/expense.routes.ts": 1776584844.7238445,
  "apps/api/src/modules/health/health.routes.ts": 1776584844.7239652,
  "apps/api/src/modules/uploads/upload.routes.ts": 1776584844.7255106,