{
  "packages/ui/src/index.ts": 1776584844.7400897,
  "packages/ui/src/components/data-table.tsx": 1776584844.7397172,
  "packages/ui/src/components/empty-state.tsx": 1776584844.739789,
  "packages/ui/src/components/status-badge.tsx": 1776584844.7400112,
  "packages/ui/src/components/page-header.tsx": 1776584844.7398617,
  "packages/ui/src/components/stat-card.tsx": 1776584844.7399325,
  "packages/types/src/api.ts": 1776584844.739177,
  "packages/types/src/index.ts": 1776584844.7393975,
  "packages/types/src/domain.ts": 1776584844.7393355,
  "packages/types/src/auth.ts": 1776584844.7392387,
  "apps/web/tailwind.config.js": 1776584844.7363675,
  "apps/web/sentry.server.config.ts": 1776587830.6760788,
  "apps/web/next-env.d.ts": 1776584844.7261913,
  "apps/web/sentry.client.config.ts": 1776587830.6754048,
  "apps/web/sentry.edge.config.ts": 1776587830.6755898,
  "apps/web/playwright.config.ts": 1776600048.338097,
  "apps/web/postcss.config.js": 1776584844.7264132,
  "apps/web/prisma/seed.ts": 1776600048.338353,
  "apps/web/e2e/admin-e2e.spec.ts": 1776610196.0152721,
  "apps/web/src/middleware.ts": 1776610196.0205016,
  "apps/web/src/app/layout.tsx": 1776600048.342108,
  "apps/web/src/app/admin/layout.tsx": 1776610196.0163376,
  "apps/web/src/app/admin/page.tsx": 1776584844.7308533,
  "apps/web/src/app/admin/customers/page.tsx": 1776584844.728229,
  "apps/web/src/app/admin/customers/[id]/page.tsx": 1776584844.7281291,
  "apps/web/src/app/admin/settings/page.tsx": 1776584844.7327607,
  "apps/web/src/app/admin/settings/business-hours/page.tsx": 1776584844.7324274,
  "apps/web/src/app/admin/settings/admins/page.tsx": 1776584844.7323096,
  "apps/web/src/app/admin/settings/integrations/page.tsx": 1776584844.7325397,
  "apps/web/src/app/admin/settings/notifications/page.tsx": 1776584844.7326696,
  "apps/web/src/app/admin/payments/page.tsx": 1776584844.730997,
  "apps/web/src/app/admin/invoices/page.tsx": 1776584844.7298422,
  "apps/web/src/app/admin/invoices/[id]/page.tsx": 1776610196.0162277,
  "apps/web/src/app/admin/appointments/page.tsx": 1776584844.7279456,
  "apps/web/src/app/admin/appointments/calendar/page.tsx": 1776584844.7278626,
  "apps/web/src/app/admin/appointments/[id]/page.tsx": 1776584844.7277422,
  "apps/web/src/app/admin/expenses/page.tsx": 1776584844.7286255,
  "apps/web/src/app/admin/expenses/categories/page.tsx": 1776584844.7285366,
  "apps/web/src/app/admin/dashboard/page.tsx": 1776610196.0160422,
  "apps/web/src/app/admin/service-requests/page.tsx": 1776584844.7321389,
  "apps/web/src/app/admin/service-requests/[id]/page.tsx": 1776584844.7320766,
  "apps/web/src/app/admin/logs/page.tsx": 1776584844.7305553,
  "apps/web/src/app/admin/inventory/suppliers/page.tsx": 1776584844.7295284,
  "apps/web/src/app/admin/inventory/low-stock/page.tsx": 1776584844.7291706,
  "apps/web/src/app/admin/inventory/movements/page.tsx": 1776584844.7293286,
  "apps/web/src/app/admin/inventory/items/page.tsx": 1776584844.7290463,
  "apps/web/src/app/admin/inventory/categories/page.tsx": 1776584844.72887,
  "apps/web/src/app/admin/workers/page.tsx": 1776584844.7335217,
  "apps/web/src/app/admin/workers/calendar/page.tsx": 1776584844.7334096,
  "apps/web/src/app/admin/workers/[id]/page.tsx": 1776584844.733267,
  "apps/web/src/app/admin/vehicles/page.tsx": 1776584844.7330575,
  "apps/web/src/app/admin/vehicles/[id]/page.tsx": 1776584844.7329602,
  "apps/web/src/app/admin/notifications/page.tsx": 1776584844.7306652,
  "apps/web/src/app/admin/notifications/templates/page.tsx": 1776584844.73078,
  "apps/web/src/app/admin/login/page.tsx": 1776610196.016549,
  "apps/web/src/app/admin/job-cards/page.tsx": 1776584844.7301698,
  "apps/web/src/app/admin/job-cards/[id]/page.tsx": 1776584844.7300901,
  "apps/web/src/app/admin/reports/page.tsx": 1776584844.7316515,
  "apps/web/src/app/admin/reports/appointments/page.tsx": 1776584844.7311676,
  "apps/web/src/app/admin/reports/expenses/page.tsx": 1776584844.7312937,
  "apps/web/src/app/admin/reports/inventory/page.tsx": 1776584844.7314427,
  "apps/web/src/app/admin/reports/workers/page.tsx": 1776584844.7319152,
  "apps/web/src/app/admin/reports/jobs/page.tsx": 1776584844.7315767,
  "apps/web/src/app/admin/reports/revenue/page.tsx": 1776584844.7317975,
  "apps/web/src/app/(public)/layout.tsx": 1776584844.7272985,
  "apps/web/src/app/(public)/page.tsx": 1776584844.7273757,
  "apps/web/src/app/(public)/contact/page.tsx": 1776584844.727052,
  "apps/web/src/app/(public)/book-service/page.tsx": 1776584844.7269213,
  "apps/web/src/app/(public)/track/page.tsx": 1776584844.7275336,
  "apps/web/src/app/api/health/route.ts": 1776600048.3415856,
  "apps/web/src/app/api/admin/customers/route.ts": 1776610196.0177748,
  "apps/web/src/app/api/admin/customers/[id]/route.ts": 1776610196.017571,
  "apps/web/src/app/api/admin/customers/[id]/history/route.ts": 1776600048.3393598,
  "apps/web/src/app/api/admin/settings/route.ts": 1776610196.019149,
  "apps/web/src/app/api/admin/payments/route.ts": 1776600048.340475,
  "apps/web/src/app/api/admin/invoices/route.ts": 1776610196.0187144,
  "apps/web/src/app/api/admin/invoices/[id]/route.ts": 1776610196.0186195,
  "apps/web/src/app/api/admin/invoices/[id]/payments/route.ts": 1776610196.01837,
  "apps/web/src/app/api/admin/invoices/[id]/pdf/route.ts": 1776610196.0185049,
  "apps/web/src/app/api/admin/invoices/[id]/finalize/route.ts": 1776610196.0182664,
  "apps/web/src/app/api/admin/appointments/route.ts": 1776610196.0170355,
  "apps/web/src/app/api/admin/appointments/[id]/route.ts": 1776610196.0169144,
  "apps/web/src/app/api/admin/auth/me/route.ts": 1776600048.3391833,
  "apps/web/src/app/api/admin/auth/login/route.ts": 1776610196.0173793,
  "apps/web/src/app/api/admin/expenses/route.ts": 1776610196.0180037,
  "apps/web/src/app/api/admin/expenses/[id]/route.ts": 1776610196.0178802,
  "apps/web/src/app/api/admin/service-requests/route.ts": 1776600048.340785,
  "apps/web/src/app/api/admin/service-requests/[id]/route.ts": 1776610196.0190408,
  "apps/web/src/app/api/admin/logs/route.ts": 1776600048.3402708,
  "apps/web/src/app/api/admin/inventory/items/route.ts": 1776610196.0181346,
  "apps/web/src/app/api/admin/workers/route.ts": 1776610196.019505,
  "apps/web/src/app/api/admin/workers/[id]/route.ts": 1776610196.0194159,
  "apps/web/src/app/api/admin/vehicles/route.ts": 1776610196.0193276,
  "apps/web/src/app/api/admin/vehicles/[id]/route.ts": 1776610196.019244,
  "apps/web/src/app/api/admin/notifications/route.ts": 1776600048.3403673,
  "apps/web/src/app/api/admin/job-cards/route.ts": 1776610641.1706057,
  "apps/web/src/app/api/admin/job-cards/[id]/route.ts": 1776610196.0188248,
  "apps/web/src/app/api/admin/reports/route.ts": 1776600048.340587,
  "apps/web/src/app/api/public/track/route.ts": 1776600048.3419828,
  "apps/web/src/app/api/public/service-requests/route.ts": 1776610196.0197036,
  "apps/web/src/app/api/public/available-slots/route.ts": 1776610196.0196111,
  "apps/web/src/providers/index.tsx": 1776584844.7360384,
  "apps/web/src/components/layout/admin-sidebar.tsx": 1776584844.7341328,
  "apps/web/src/components/shared/pagination.tsx": 1776584844.7344983,
  "apps/web/src/components/shared/breadcrumbs.tsx": 1776610196.0197744,
  "apps/web/src/components/shared/skeletons.tsx": 1776610196.0198596,
  "apps/web/src/components/shared/modal.tsx": 1776584844.7344348,
  "apps/web/src/components/shared/list-toolbar.tsx": 1776584844.7343671,
  "apps/web/src/components/shared/theme-toggle.tsx": 1776584844.7345755,
  "apps/web/src/lib/prisma.ts": 1776600048.3429124,
  "apps/web/src/lib/pagination.ts": 1776600048.342842,
  "apps/web/src/lib/errors.ts": 1776600048.342613,
  "apps/web/src/lib/activity-logger.ts": 1776610196.0199664,
  "apps/web/src/lib/constants.ts": 1776600048.3425252,
  "apps/web/src/lib/id-generators.ts": 1776600048.3427253,
  "apps/web/src/lib/auth.ts": 1776610196.0202353,
  "apps/web/src/lib/auth/auth-context.tsx": 1776610196.02039,